"날짜","종가","오픈","고가","저가","거래량","변동 %"
"2018년 12월 31일","131.09","134.45","134.64","129.95","24.63M","-1.58%"
"2018년 12월 28일","133.20","135.34","135.92","132.20","22.63M","-0.98%"
"2018년 12월 27일","134.52","132.44","134.99","129.67","31.20M","0.25%"
"2018년 12월 26일","134.18","126.00","134.24","125.89","39.72M","8.16%"
"2018년 12월 24일","124.06","123.10","129.74","123.02","22.07M","-0.71%"
"2018년 12월 21일","124.95","133.39","134.90","123.42","56.90M","-6.33%"
"2018년 12월 20일","133.40","130.70","135.57","130.00","40.30M","0.12%"
"2018년 12월 19일","133.24","141.21","144.91","132.50","57.40M","-7.25%"
"2018년 12월 18일","143.66","141.08","145.93","139.83","24.71M","2.48%"
"2018년 12월 17일","140.19","143.08","144.92","138.42","24.33M","-2.69%"
"2018년 12월 14일","144.06","143.34","146.01","142.51","21.79M","-0.66%"
"2018년 12월 13일","145.01","145.57","145.85","143.19","18.15M","0.35%"
"2018년 12월 12일","144.50","143.08","147.19","142.51","23.70M","1.70%"
"2018년 12월 11일","142.08","143.88","143.88","141.10","20.30M","0.16%"
"2018년 12월 10일","141.85","139.60","143.05","139.01","26.42M","3.22%"
"2018년 12월 07일","137.42","139.25","140.87","136.66","21.20M","-1.58%"
"2018년 12월 06일","139.63","133.82","139.70","133.67","28.22M","1.23%"
"2018년 12월 04일","137.93","140.73","143.39","137.16","30.31M","-2.24%"
"2018년 12월 03일","141.09","143.00","143.68","140.76","24.82M","0.34%"
"2018년 11월 30일","140.61","138.26","140.97","137.36","25.73M","1.39%"
"2018년 11월 29일","138.68","135.92","139.99","135.66","24.24M","1.40%"
"2018년 11월 28일","136.76","136.28","136.79","131.85","29.85M","1.30%"
"2018년 11월 27일","135.00","135.75","136.61","133.71","20.75M","-1.01%"
"2018년 11월 26일","136.38","133.00","137.00","132.78","24.26M","3.53%"
"2018년 11월 23일","131.73","133.65","134.50","131.26","11.89M","-2.29%"
"2018년 11월 21일","134.82","134.40","137.19","134.13","25.47M","1.80%"
"2018년 11월 20일","132.43","127.03","134.16","126.85","41.94M","0.67%"
"2018년 11월 19일","131.55","137.61","137.75","131.21","44.36M","-5.72%"
"2018년 11월 16일","139.53","141.07","141.77","137.77","37.25M","-3.00%"
"2018년 11월 15일","143.85","142.33","144.84","140.83","30.32M","-0.26%"
"2018년 11월 14일","144.22","143.70","145.58","141.55","22.07M","1.45%"
"2018년 11월 13일","142.16","142.00","144.88","141.62","15.14M","0.43%"
"2018년 11월 12일","141.55","144.48","145.04","140.49","18.54M","-2.35%"
"2018년 11월 09일","144.96","146.75","147.76","144.07","17.33M","-1.97%"
"2018년 11월 08일","147.87","150.49","150.94","146.74","24.15M","-2.42%"
"2018년 11월 07일","151.53","151.57","153.01","149.83","21.88M","1.06%"
"2018년 11월 06일","149.94","149.31","150.97","148.00","16.67M","0.85%"
"2018년 11월 05일","148.68","150.10","150.19","147.44","15.97M","-1.11%"
"2018년 11월 02일","150.35","151.80","154.13","148.96","24.71M","-0.92%"
"2018년 11월 01일","151.75","151.52","152.75","149.35","25.64M","-0.03%"
"2018년 10월 31일","151.79","155.00","156.40","148.96","60.10M","3.81%"
"2018년 10월 30일","146.22","139.94","146.64","139.74","50.53M","2.91%"
"2018년 10월 29일","142.09","148.50","148.83","139.03","31.34M","-2.26%"
"2018년 10월 26일","145.37","145.82","149.00","143.80","31.30M","-3.70%"
"2018년 10월 25일","150.95","147.73","152.21","147.00","22.11M","3.36%"
"2018년 10월 24일","146.04","154.28","154.65","145.60","27.74M","-5.41%"
"2018년 10월 23일","154.39","151.22","154.77","150.85","19.10M","-0.25%"
"2018년 10월 22일","154.78","154.76","157.34","154.46","15.42M","0.47%"
"2018년 10월 19일","154.05","155.86","157.35","153.55","19.76M","-0.56%"
"2018년 10월 18일","154.92","158.51","158.66","153.28","21.68M","-2.82%"
"2018년 10월 17일","159.42","159.56","160.49","157.95","17.59M","0.40%"
"2018년 10월 16일","158.78","155.40","159.46","155.01","19.18M","3.43%"
"2018년 10월 15일","153.52","153.32","155.57","152.55","15.43M","-0.14%"
"2018년 10월 12일","153.74","156.73","156.89","151.30","25.29M","0.25%"
"2018년 10월 11일","153.35","150.13","154.81","149.16","35.34M","1.30%"
"2018년 10월 10일","151.38","156.82","157.69","151.31","30.61M","-4.13%"
"2018년 10월 09일","157.90","157.69","160.59","157.42","18.84M","0.41%"
"2018년 10월 08일","157.25","155.54","158.34","154.39","24.05M","-0.05%"
"2018년 10월 05일","157.33","159.21","160.90","156.20","25.74M","-0.96%"
"2018년 10월 04일","158.85","161.46","161.46","157.35","25.74M","-2.20%"
"2018년 10월 03일","162.43","160.00","163.66","159.53","23.11M","1.95%"
"2018년 10월 02일","159.33","161.58","162.28","158.67","36.03M","-1.91%"
"2018년 10월 01일","162.44","163.03","165.88","161.26","26.41M","-1.23%"
"2018년 09월 28일","164.46","168.33","168.79","162.56","34.27M","-2.59%"
"2018년 09월 27일","168.84","167.55","171.77","167.21","27.27M","1.13%"
"2018년 09월 26일","166.95","164.30","169.30","164.21","25.25M","1.24%"
"2018년 09월 25일","164.91","161.99","165.59","161.15","27.62M","-0.30%"
"2018년 09월 24일","165.41","161.03","165.70","160.88","19.22M","1.52%"
"2018년 09월 21일","162.93","166.64","167.25","162.81","45.99M","-1.86%"
"2018년 09월 20일","166.02","164.50","166.45","164.47","18.94M","1.82%"
"2018년 09월 19일","163.06","160.08","163.44","159.48","19.63M","1.72%"
"2018년 09월 18일","160.30","159.39","161.76","158.87","22.47M","-0.17%"
"2018년 09월 17일","160.58","161.92","162.06","159.77","21.01M","-1.07%"
"2018년 09월 14일","162.32","161.72","162.84","160.34","21.77M","0.59%"
"2018년 09월 13일","161.36","162.00","163.32","160.86","25.45M","-0.40%"
"2018년 09월 12일","162.00","163.25","164.49","161.80","24.08M","-2.37%"
"2018년 09월 11일","165.94","163.94","167.19","163.72","20.46M","1.07%"
"2018년 09월 10일","164.18","163.51","165.01","162.16","20.20M","0.70%"
"2018년 09월 07일","163.04","160.31","164.63","160.16","24.30M","0.31%"
"2018년 09월 06일","162.53","166.98","166.98","160.00","41.51M","-2.78%"
"2018년 09월 05일","167.18","169.49","171.12","166.67","31.23M","-2.33%"
"2018년 09월 04일","171.16","173.50","173.89","168.80","29.81M","-2.60%"
"2018년 08월 31일","175.73","177.15","177.62","174.98","18.07M","-1.08%"
"2018년 08월 30일","177.64","175.90","179.79","175.70","24.22M","0.99%"
"2018년 08월 29일","175.90","176.29","176.79","174.75","18.68M","-0.20%"
"2018년 08월 28일","176.26","178.10","178.24","175.83","15.91M","-0.68%"
"2018년 08월 27일","177.46","175.99","178.67","175.79","17.92M","1.61%"
"2018년 08월 24일","174.65","173.70","174.82","172.92","14.63M","1.01%"
"2018년 08월 23일","172.90","173.09","175.55","172.83","18.05M","-0.43%"
"2018년 08월 22일","173.64","172.21","174.24","172.13","16.89M","0.59%"
"2018년 08월 21일","172.62","172.81","174.17","171.39","19.58M","0.07%"
"2018년 08월 20일","172.50","174.04","174.57","170.91","21.52M","-0.75%"
"2018년 08월 17일","173.80","174.50","176.22","172.04","24.89M","-0.52%"
"2018년 08월 16일","174.70","180.42","180.50","174.01","31.35M","-2.69%"
"2018년 08월 15일","179.53","179.34","180.87","174.78","33.02M","-0.87%"
"2018년 08월 14일","181.11","180.71","181.99","178.62","19.10M","0.59%"
"2018년 08월 13일","180.05","180.10","182.61","178.90","17.42M","-0.12%"
"2018년 08월 10일","180.26","182.04","182.10","179.42","21.50M","-1.55%"
"2018년 08월 09일","183.09","185.85","186.57","182.48","19.73M","-1.13%"
"2018년 08월 08일","185.18","184.75","186.85","183.76","22.21M","0.75%"
"2018년 08월 07일","183.81","186.50","188.30","183.72","33.40M","-1.01%"
"2018년 08월 06일","185.69","178.97","185.79","178.38","49.72M","4.45%"
"2018년 08월 03일","177.78","177.69","178.85","176.15","24.76M","0.80%"
"2018년 08월 02일","176.37","170.68","176.79","170.27","32.40M","2.75%"
"2018년 08월 01일","171.65","173.93","175.08","170.90","34.04M","-0.54%"
"2018년 07월 31일","172.58","170.67","174.24","170.00","40.36M","0.89%"
"2018년 07월 30일","171.06","175.30","175.30","166.56","65.28M","-2.19%"
"2018년 07월 27일","174.89","179.87","179.93","173.00","60.07M","-0.78%"
"2018년 07월 26일","176.26","174.89","180.13","173.75","169.80M","-18.96%"
"2018년 07월 25일","217.50","215.72","218.62","214.27","64.59M","1.32%"
"2018년 07월 24일","214.67","215.11","216.20","212.60","28.47M","1.78%"
"2018년 07월 23일","210.91","210.58","211.62","208.80","16.73M","0.46%"
"2018년 07월 20일","209.94","208.85","211.50","208.50","16.24M","0.89%"
"2018년 07월 19일","208.09","208.77","209.99","207.76","11.35M","-0.61%"
"2018년 07월 18일","209.36","209.82","210.99","208.44","15.33M","-0.30%"
"2018년 07월 17일","209.99","204.90","210.46","204.84","15.35M","1.33%"
"2018년 07월 16일","207.23","207.50","208.72","206.84","11.08M","-0.04%"
"2018년 07월 13일","207.32","207.81","208.43","206.45","11.50M","0.19%"
"2018년 07월 12일","206.92","203.43","207.08","203.19","15.45M","2.16%"
"2018년 07월 11일","202.54","202.22","204.50","201.75","12.93M","-0.49%"
"2018년 07월 10일","203.54","204.50","204.91","202.26","13.19M","-0.59%"
"2018년 07월 09일","204.74","204.93","205.80","202.12","18.15M","0.74%"
"2018년 07월 06일","203.23","198.45","203.64","197.70","19.74M","2.41%"
"2018년 07월 05일","198.45","194.74","198.65","194.03","19.68M","2.97%"
"2018년 07월 03일","192.73","194.55","195.40","192.52","13.49M","-2.35%"
"2018년 07월 02일","197.36","193.37","197.45","192.22","13.96M","1.56%"
"2018년 06월 29일","194.32","197.32","197.60","193.96","15.81M","-0.97%"
"2018년 06월 28일","196.23","195.18","197.34","193.26","18.17M","0.20%"
"2018년 06월 27일","195.84","199.18","200.75","195.80","18.73M","-1.59%"
"2018년 06월 26일","199.00","197.60","199.10","196.23","17.90M","1.35%"
"2018년 06월 25일","196.35","200.00","200.00","193.11","25.28M","-2.67%"
"2018년 06월 22일","201.74","201.16","202.24","199.31","17.42M","0.12%"
"2018년 06월 21일","201.50","202.76","203.39","200.09","19.05M","-0.25%"
"2018년 06월 20일","202.00","199.10","203.55","198.81","28.23M","2.28%"
"2018년 06월 19일","197.49","196.24","197.96","193.79","19.99M","-0.41%"
"2018년 06월 18일","198.31","194.80","199.58","194.13","16.83M","1.26%"
"2018년 06월 15일","195.85","195.79","197.07","194.64","21.86M","-0.49%"
"2018년 06월 14일","196.81","193.10","197.28","192.91","19.12M","2.29%"
"2018년 06월 13일","192.41","192.74","194.50","191.91","15.85M","0.01%"
"2018년 06월 12일","192.40","192.17","193.28","191.56","11.56M","0.45%"
"2018년 06월 11일","191.54","188.81","192.60","188.80","12.93M","1.29%"
"2018년 06월 08일","189.10","187.53","189.48","186.43","12.68M","0.49%"
"2018년 06월 07일","188.18","190.75","190.97","186.77","21.50M","-1.65%"
"2018년 06월 06일","191.34","191.03","192.53","189.11","22.56M","-0.83%"
"2018년 06월 05일","192.94","194.30","195.00","192.62","15.54M","-0.18%"
"2018년 06월 04일","193.28","191.84","193.98","191.47","18.94M","-0.37%"
"2018년 06월 01일","193.99","193.06","194.55","192.07","17.31M","1.15%"
"2018년 05월 31일","191.78","187.87","192.72","187.48","30.78M","2.19%"
"2018년 05월 30일","187.67","186.54","188.00","185.25","13.74M","1.04%"
"2018년 05월 29일","185.74","184.34","186.81","183.71","16.40M","0.44%"
"2018년 05월 25일","184.92","186.02","186.33","184.45","10.97M","-0.54%"
"2018년 05월 24일","185.93","185.88","186.80","185.03","12.35M","-0.52%"
"2018년 05월 23일","186.90","182.50","186.91","182.18","16.63M","1.69%"
"2018년 05월 22일","183.80","184.93","185.42","183.43","12.73M","-0.37%"
"2018년 05월 21일","184.49","183.77","185.30","183.13","13.53M","0.99%"
"2018년 05월 18일","182.68","183.49","184.19","182.61","13.13M","-0.59%"
"2018년 05월 17일","183.76","182.68","184.06","182.22","14.84M","0.31%"
"2018년 05월 16일","183.20","183.70","184.32","182.66","16.98M","-0.61%"
"2018년 05월 15일","184.32","184.88","185.29","183.20","15.43M","-1.24%"
"2018년 05월 14일","186.64","187.71","187.86","186.20","15.65M","-0.19%"
"2018년 05월 11일","186.99","184.85","188.32","184.18","21.21M","0.79%"
"2018년 05월 10일","185.53","183.15","186.13","182.50","21.07M","1.57%"
"2018년 05월 09일","182.66","179.67","183.01","178.78","23.28M","2.09%"
"2018년 05월 08일","178.92","178.25","179.04","177.11","15.58M","0.53%"
"2018년 05월 07일","177.97","177.35","179.50","177.17","18.70M","0.77%"
"2018년 05월 04일","176.61","173.08","176.98","173.06","17.68M","1.49%"
"2018년 05월 03일","174.02","175.13","176.12","172.12","24.03M","-1.16%"
"2018년 05월 02일","176.07","174.25","178.08","174.20","30.42M","1.27%"
"2018년 05월 01일","173.86","172.00","174.02","170.23","26.03M","1.08%"
"2018년 04월 30일","172.00","173.79","175.72","171.71","20.75M","-0.92%"
"2018년 04월 27일","173.59","176.81","177.10","172.60","29.80M","-0.33%"
"2018년 04월 26일","174.16","173.22","176.27","170.80","77.56M","9.06%"
"2018년 04월 25일","159.69","160.14","161.06","156.19","41.08M","0.00%"
"2018년 04월 24일","159.69","165.43","166.10","158.19","35.08M","-3.71%"
"2018년 04월 23일","165.84","167.27","168.45","165.09","23.09M","-0.26%"
"2018년 04월 20일","166.28","167.79","168.43","165.81","19.12M","-1.08%"
"2018년 04월 19일","168.10","166.20","168.33","165.20","22.23M","1.05%"
"2018년 04월 18일","166.36","166.88","168.12","165.77","20.97M","-1.36%"
"2018년 04월 17일","168.66","165.83","169.00","165.66","22.74M","2.32%"
"2018년 04월 16일","164.83","165.72","165.78","163.39","18.12M","0.19%"
"2018년 04월 13일","164.52","164.58","165.70","163.77","19.99M","0.40%"
"2018년 04월 12일","163.87","166.98","167.45","163.10","38.26M","-1.47%"
"2018년 04월 11일","166.32","165.36","168.65","163.25","56.14M","0.78%"
"2018년 04월 10일","165.04","157.93","165.98","157.01","58.95M","4.50%"
"2018년 04월 09일","157.93","157.82","160.53","156.04","34.92M","0.46%"
"2018년 04월 06일","157.20","157.73","161.42","156.81","41.64M","-1.34%"
"2018년 04월 05일","159.34","161.56","161.57","156.65","41.45M","2.73%"
"2018년 04월 04일","155.10","152.03","155.56","150.51","49.89M","-0.65%"
"2018년 04월 03일","156.11","156.55","157.39","150.81","42.54M","0.46%"
"2018년 04월 02일","155.39","157.81","159.20","154.11","36.80M","-2.75%"
"2018년 03월 29일","159.79","155.15","161.42","154.14","59.43M","4.42%"
"2018년 03월 28일","153.03","151.65","155.88","150.80","60.03M","0.53%"
"2018년 03월 27일","152.22","156.31","162.85","150.75","79.12M","-4.90%"
"2018년 03월 26일","160.06","160.82","161.10","149.02","126.12M","0.42%"
"2018년 03월 23일","159.39","165.44","167.10","159.02","53.61M","-3.34%"
"2018년 03월 22일","164.89","166.13","170.27","163.72","73.74M","-2.66%"
"2018년 03월 21일","169.39","164.80","173.40","163.30","106.60M","0.74%"
"2018년 03월 20일","168.15","167.47","170.20","161.95","129.85M","-2.56%"
"2018년 03월 19일","172.56","177.01","177.17","170.06","88.14M","-6.77%"
"2018년 03월 16일","185.09","184.49","185.33","183.41","24.40M","0.67%"
"2018년 03월 15일","183.86","183.24","184.00","182.19","15.65M","-0.18%"
"2018년 03월 14일","184.19","182.60","184.25","181.85","16.82M","1.27%"
"2018년 03월 13일","181.88","185.61","185.99","181.11","18.07M","-1.56%"
"2018년 03월 12일","184.76","185.23","186.10","184.22","15.30M","-0.25%"
"2018년 03월 09일","185.23","183.91","185.51","183.21","18.53M","1.58%"
"2018년 03월 08일","182.34","183.56","184.40","181.45","17.23M","-0.75%"
"2018년 03월 07일","183.71","178.74","183.82","178.07","19.10M","2.19%"
"2018년 03월 06일","179.78","181.78","182.38","179.11","15.09M","-0.34%"
"2018년 03월 05일","180.40","176.20","181.15","175.89","16.19M","2.14%"
"2018년 03월 02일","176.62","173.29","177.11","172.99","20.03M","0.39%"
"2018년 03월 01일","175.94","179.01","180.12","174.41","23.20M","-1.33%"
"2018년 02월 28일","178.32","182.30","182.88","178.14","18.78M","-1.73%"
"2018년 02월 27일","181.46","184.45","184.70","181.46","15.85M","-1.88%"
"2018년 02월 26일","184.93","184.58","185.66","183.22","17.60M","0.89%"
"2018년 02월 23일","183.29","179.90","183.39","179.51","19.01M","2.40%"
"2018년 02월 22일","178.99","178.70","180.21","177.41","18.46M","0.61%"
"2018년 02월 21일","177.91","176.71","181.27","176.40","23.20M","1.08%"
"2018년 02월 20일","176.01","175.77","177.95","175.11","21.20M","-0.76%"
"2018년 02월 16일","177.36","178.99","179.88","176.30","21.02M","-1.44%"
"2018년 02월 15일","179.96","180.50","180.50","176.84","20.92M","0.25%"
"2018년 02월 14일","179.52","173.45","179.81","173.21","28.93M","3.68%"
"2018년 02월 13일","173.15","175.62","175.97","173.10","21.81M","-1.85%"
"2018년 02월 12일","176.41","177.06","177.54","171.84","32.09M","0.17%"
"2018년 02월 09일","176.11","174.76","176.90","167.18","39.89M","2.64%"
"2018년 02월 08일","171.58","181.01","181.84","171.48","38.48M","-4.77%"
"2018년 02월 07일","180.18","184.15","185.08","179.95","27.60M","-2.77%"
"2018년 02월 06일","185.31","178.57","185.77","177.74","37.76M","2.23%"
"2018년 02월 05일","181.26","186.93","190.61","180.61","33.13M","-4.74%"
"2018년 02월 02일","190.28","192.04","194.21","189.98","26.68M","-1.46%"
"2018년 02월 01일","193.09","188.22","195.32","187.89","54.21M","3.32%"
"2018년 01월 31일","186.89","188.37","189.83","185.22","43.28M","-0.12%"
"2018년 01월 30일","187.12","183.01","188.18","181.84","20.86M","0.61%"
"2018년 01월 29일","185.98","188.75","188.84","185.63","20.45M","-2.12%"
"2018년 01월 26일","190.00","187.75","190.00","186.81","17.76M","1.34%"
"2018년 01월 25일","187.48","187.95","188.62","186.60","17.38M","0.50%"
"2018년 01월 24일","186.55","189.89","190.66","186.52","24.33M","-1.48%"
"2018년 01월 23일","189.35","186.05","189.55","185.55","25.68M","2.15%"
"2018년 01월 22일","185.37","180.80","185.39","180.41","21.06M","2.25%"
"2018년 01월 19일","181.29","180.85","182.37","180.17","26.83M","0.83%"
"2018년 01월 18일","179.80","178.13","180.98","177.08","23.30M","1.24%"
"2018년 01월 17일","177.60","179.26","179.32","175.80","27.99M","-0.44%"
"2018년 01월 16일","178.39","181.50","181.75","178.04","36.18M","-0.55%"
"2018년 01월 12일","179.37","178.06","181.48","177.40","77.55M","-4.47%"
"2018년 01월 11일","187.77","188.40","188.40","187.38","9.59M","-0.04%"
"2018년 01월 10일","187.84","186.94","187.89","185.63","10.53M","-0.02%"
"2018년 01월 09일","187.87","188.70","188.80","187.10","12.39M","-0.22%"
"2018년 01월 08일","188.28","187.20","188.90","186.33","17.99M","0.77%"
"2018년 01월 05일","186.85","185.59","186.90","184.93","13.57M","1.37%"
"2018년 01월 04일","184.33","184.90","186.21","184.10","13.88M","-0.18%"
"2018년 01월 03일","184.67","181.88","184.78","181.33","16.89M","1.79%"
"2018년 01월 02일","181.42","177.68","181.58","177.55","18.15M","2.81%"
"2017년 12월 29일","176.46","178.00","178.85","176.46","10.26M","-0.82%"
"2017년 12월 28일","177.92","177.95","178.94","177.68","12.22M","0.17%"
"2017년 12월 27일","177.62","176.55","178.44","176.26","9.50M","0.93%"
"2017년 12월 26일","175.99","176.63","177.00","174.67","8.90M","-0.68%"
"2017년 12월 22일","177.20","177.14","177.53","176.23","8.51M","-0.14%"
"2017년 12월 21일","177.45","177.94","178.68","177.05","11.60M","-0.25%"
"2017년 12월 20일","177.89","179.81","179.81","177.36","11.86M","-0.90%"
"2017년 12월 19일","179.51","179.95","180.08","178.22","14.92M","-0.72%"
"2017년 12월 18일","180.82","181.01","181.30","179.75","17.27M","0.36%"
"2017년 12월 15일","180.18","179.02","180.49","178.36","28.46M","1.00%"
"2017년 12월 14일","178.39","178.29","180.36","177.68","13.59M","0.05%"
"2017년 12월 13일","178.30","177.30","179.16","177.25","14.62M","0.76%"
"2017년 12월 12일","176.96","178.60","179.18","176.60","16.85M","-1.16%"
"2017년 12월 11일","179.04","179.30","180.22","178.80","13.17M","0.02%"
"2017년 12월 08일","179.00","181.53","182.28","178.74","19.88M","-0.63%"
"2017년 12월 07일","180.14","175.80","180.39","175.80","20.40M","2.32%"
"2017년 12월 06일","176.06","172.50","176.77","171.90","20.26M","1.87%"
"2017년 12월 05일","172.83","170.45","175.38","169.01","20.18M","0.79%"
"2017년 12월 04일","171.47","176.29","176.57","170.79","24.46M","-2.07%"
"2017년 12월 01일","175.10","176.03","177.48","172.34","20.18M","-1.17%"
"2017년 11월 30일","177.18","176.85","178.28","175.20","25.31M","1.17%"
"2017년 11월 29일","175.13","181.89","181.97","174.00","41.93M","-4.00%"
"2017년 11월 28일","182.42","183.51","184.25","182.09","14.38M","-0.33%"
"2017년 11월 27일","183.03","182.56","183.73","181.99","12.34M","0.14%"
"2017년 11월 24일","182.78","180.40","183.15","180.29","9.43M","1.06%"
"2017년 11월 22일","180.87","181.30","181.73","180.44","10.38M","-0.54%"
"2017년 11월 21일","181.86","179.15","181.89","178.99","14.50M","1.75%"
"2017년 11월 20일","178.74","178.87","179.50","178.10","10.05M","-0.15%"
"2017년 11월 17일","179.00","179.30","179.98","178.90","13.02M","-0.33%"
"2017년 11월 16일","179.59","178.76","179.83","178.50","15.61M","0.92%"
"2017년 11월 15일","177.95","176.66","178.57","176.40","10.25M","-0.07%"
"2017년 11월 14일","178.07","178.13","178.97","177.18","9.59M","-0.39%"
"2017년 11월 13일","178.77","177.50","179.04","177.30","9.52M","0.17%"
"2017년 11월 10일","178.46","178.35","179.10","177.96","11.07M","-0.47%"
"2017년 11월 09일","179.30","178.31","179.40","177.09","12.61M","-0.14%"
"2017년 11월 08일","179.56","179.79","180.35","179.11","10.49M","-0.38%"
"2017년 11월 07일","180.25","180.50","180.75","178.96","12.93M","0.04%"
"2017년 11월 06일","180.17","178.56","180.45","178.31","13.31M","0.70%"
"2017년 11월 03일","178.92","179.29","179.86","176.71","17.82M","0.00%"
"2017년 11월 02일","178.92","180.63","181.94","177.34","35.53M","-2.05%"
"2017년 11월 01일","182.66","182.36","182.90","180.57","40.92M","1.44%"
"2017년 10월 31일","180.06","180.57","180.80","178.94","20.17M","0.11%"
"2017년 10월 30일","179.87","179.26","180.69","177.61","24.35M","1.12%"
"2017년 10월 27일","177.88","174.15","178.21","173.90","30.29M","4.25%"
"2017년 10월 26일","170.63","171.38","172.28","170.39","11.83M","0.02%"
"2017년 10월 25일","170.60","171.90","172.25","168.89","15.87M","-0.70%"
"2017년 10월 24일","171.80","172.30","173.24","171.50","12.27M","0.31%"
"2017년 10월 23일","171.27","175.20","175.34","171.25","13.85M","-2.12%"
"2017년 10월 20일","174.98","175.50","175.88","174.63","12.60M","0.24%"
"2017년 10월 19일","174.56","174.93","176.03","172.63","14.05M","-0.84%"
"2017년 10월 18일","176.03","176.65","176.74","175.75","12.75M","-0.05%"
"2017년 10월 17일","176.11","174.71","176.13","174.36","15.99M","0.91%"
"2017년 10월 16일","174.52","174.49","175.00","174.06","11.50M","0.45%"
"2017년 10월 13일","173.74","173.45","174.65","173.20","13.66M","0.69%"
"2017년 10월 12일","172.55","172.61","173.85","172.29","10.35M","-0.11%"
"2017년 10월 11일","172.74","171.95","172.78","171.40","11.28M","0.67%"
"2017년 10월 10일","171.59","173.00","173.20","170.80","11.34M","-0.53%"
"2017년 10월 09일","172.50","172.70","174.88","172.00","14.57M","0.16%"
"2017년 10월 06일","172.23","170.25","172.37","169.75","13.12M","0.58%"
"2017년 10월 05일","171.24","169.18","171.31","168.60","14.58M","1.67%"
"2017년 10월 04일","168.42","169.83","170.67","168.29","12.13M","-0.91%"
"2017년 10월 03일","169.96","169.30","170.73","169.20","8.19M","0.29%"
"2017년 10월 02일","169.47","171.39","171.87","168.75","13.39M","-0.82%"
"2017년 09월 29일","170.87","168.83","171.66","168.81","15.34M","1.27%"
"2017년 09월 28일","168.73","167.94","169.07","167.16","12.18M","0.63%"
"2017년 09월 27일","167.68","165.90","168.34","165.57","19.24M","2.11%"
"2017년 09월 26일","164.21","164.50","165.50","162.78","23.36M","0.82%"
"2017년 09월 25일","162.87","169.24","169.30","161.56","41.25M","-4.50%"
"2017년 09월 22일","170.54","170.21","171.73","169.22","12.10M","-0.33%"
"2017년 09월 21일","171.11","171.69","172.27","170.01","11.16M","-0.62%"
"2017년 09월 20일","172.17","172.50","173.05","170.70","12.26M","-0.20%"
"2017년 09월 19일","172.52","170.62","172.56","170.36","13.17M","1.48%"
"2017년 09월 18일","170.01","171.99","172.07","169.34","12.95M","-0.95%"
"2017년 09월 15일","171.64","170.88","172.34","170.26","15.66M","0.40%"
"2017년 09월 14일","170.96","172.26","172.28","170.50","15.62M","-1.21%"
"2017년 09월 13일","173.05","173.01","173.17","172.06","9.12M","0.05%"
"2017년 09월 12일","172.96","173.76","174.00","171.75","11.19M","-0.32%"
"2017년 09월 11일","173.51","172.40","173.89","172.20","12.37M","1.50%"
"2017년 09월 08일","170.95","173.09","173.49","170.80","11.00M","-1.30%"
"2017년 09월 07일","173.21","171.94","173.31","170.27","18.05M","0.65%"
"2017년 09월 06일","172.09","170.91","172.48","169.57","13.91M","0.80%"
"2017년 09월 05일","170.72","171.27","172.39","169.55","13.22M","-0.76%"
"2017년 09월 01일","172.02","172.40","172.91","171.31","11.68M","0.03%"
"2017년 08월 31일","171.97","170.40","172.15","170.06","17.23M","1.21%"
"2017년 08월 30일","169.92","168.17","170.18","167.63","11.14M","1.11%"
"2017년 08월 29일","168.05","165.25","168.43","165.00","11.12M","0.48%"
"2017년 08월 28일","167.24","166.91","167.70","166.33","8.55M","0.55%"
"2017년 08월 25일","166.32","167.86","168.38","166.18","12.61M","-0.85%"
"2017년 08월 24일","167.74","168.88","169.29","166.41","14.03M","-0.57%"
"2017년 08월 23일","168.71","168.84","169.36","168.20","9.86M","-0.55%"
"2017년 08월 22일","169.64","168.28","169.87","167.15","11.39M","1.11%"
"2017년 08월 21일","167.78","167.16","168.00","165.82","11.91M","0.22%"
"2017년 08월 18일","167.41","166.84","168.67","166.21","15.09M","0.30%"
"2017년 08월 17일","166.91","169.34","169.86","166.85","17.22M","-1.82%"
"2017년 08월 16일","170.00","171.25","171.38","169.24","15.78M","-0.58%"
"2017년 08월 15일","171.00","171.49","171.50","170.01","8.73M","0.15%"
"2017년 08월 14일","170.75","170.09","171.08","169.29","12.95M","1.59%"
"2017년 08월 11일","168.08","167.95","168.82","166.85","13.79M","0.41%"
"2017년 08월 10일","167.40","170.06","170.59","166.85","20.83M","-2.21%"
"2017년 08월 09일","171.18","169.98","171.45","169.56","10.81M","-0.03%"
"2017년 08월 08일","171.23","171.88","173.05","170.62","14.39M","-0.44%"
"2017년 08월 07일","171.98","169.95","172.06","169.66","12.79M","1.39%"
"2017년 08월 04일","169.62","168.97","170.06","168.69","10.78M","0.61%"
"2017년 08월 03일","168.59","169.30","169.70","168.25","10.79M","-0.42%"
"2017년 08월 02일","169.30","170.30","170.55","166.91","17.43M","-0.33%"
"2017년 08월 01일","169.86","169.82","170.47","169.05","14.38M","0.36%"
"2017년 07월 31일","169.25","172.00","172.72","168.55","25.48M","-1.86%"
"2017년 07월 28일","172.45","169.07","173.43","169.05","24.56M","1.18%"
"2017년 07월 27일","170.44","174.70","175.49","167.50","68.91M","2.92%"
"2017년 07월 26일","165.61","166.01","166.01","164.10","35.24M","0.20%"
"2017년 07월 25일","165.28","165.01","165.54","163.86","15.38M","-0.43%"
"2017년 07월 24일","166.00","164.64","166.17","164.31","17.37M","0.95%"
"2017년 07월 21일","164.43","164.16","165.05","163.75","14.74M","-0.06%"
"2017년 07월 20일","164.53","164.80","165.00","162.81","18.52M","0.24%"
"2017년 07월 19일","164.14","163.59","165.70","163.17","26.27M","0.79%"
"2017년 07월 18일","162.86","159.66","163.73","159.42","23.72M","1.96%"
"2017년 07월 17일","159.73","160.25","160.78","158.81","12.86M","-0.15%"
"2017년 07월 14일","159.97","160.13","160.32","159.33","16.37M","0.45%"
"2017년 07월 13일","159.26","158.74","159.78","158.42","13.93M","0.23%"
"2017년 07월 12일","158.90","156.49","159.16","156.20","22.74M","2.34%"
"2017년 07월 11일","155.27","153.37","155.42","152.91","13.67M","1.15%"
"2017년 07월 10일","153.50","151.69","153.98","151.51","13.38M","1.36%"
"2017년 07월 07일","151.44","149.25","151.99","149.19","13.62M","1.76%"
"2017년 07월 06일","148.82","149.03","150.04","148.00","14.95M","-1.01%"
"2017년 07월 05일","150.34","149.00","150.85","148.13","14.33M","1.29%"
"2017년 07월 03일","148.43","151.72","152.15","147.80","13.86M","-1.69%"
"2017년 06월 30일","150.98","151.90","151.92","150.06","17.67M","-0.04%"
"2017년 06월 29일","151.04","152.28","152.50","148.92","23.97M","-1.44%"
"2017년 06월 28일","153.24","150.92","153.47","149.86","16.72M","1.77%"
"2017년 06월 27일","150.58","152.84","153.31","150.39","19.36M","-1.96%"
"2017년 06월 26일","153.59","156.25","156.50","153.20","18.05M","-0.95%"
"2017년 06월 23일","155.07","152.72","155.20","152.65","18.03M","1.09%"
"2017년 06월 22일","153.40","153.01","154.55","152.91","13.01M","-0.33%"
"2017년 06월 21일","153.91","152.36","154.08","151.88","15.04M","1.09%"
"2017년 06월 20일","152.25","152.88","153.84","152.21","14.74M","-0.41%"
"2017년 06월 19일","152.87","151.71","153.57","151.71","19.03M","1.48%"
"2017년 06월 16일","150.64","149.59","150.83","148.60","22.88M","0.56%"
"2017년 06월 15일","149.80","147.67","150.04","146.37","18.99M","-0.30%"
"2017년 06월 14일","150.25","151.26","152.40","149.05","20.81M","-0.29%"
"2017년 06월 13일","150.68","150.15","151.18","148.90","20.48M","1.51%"
"2017년 06월 12일","148.44","148.17","149.19","144.56","33.17M","-0.78%"
"2017년 06월 09일","149.60","154.77","155.59","146.61","35.58M","-3.30%"
"2017년 06월 08일","154.71","154.08","154.73","153.10","17.80M","1.04%"
"2017년 06월 07일","153.12","153.27","153.75","152.34","12.07M","0.20%"
"2017년 06월 06일","152.81","153.41","154.52","152.48","13.46M","-0.53%"
"2017년 06월 05일","153.63","153.64","154.71","153.41","12.52M","0.01%"
"2017년 06월 02일","153.61","151.85","153.63","151.30","16.85M","1.37%"
"2017년 06월 01일","151.53","151.75","152.29","150.30","14.53M","0.05%"
"2017년 05월 31일","151.46","152.70","153.35","151.09","18.02M","-0.60%"
"2017년 05월 30일","152.38","151.97","152.90","151.64","13.23M","0.16%"
"2017년 05월 26일","152.13","152.23","152.25","151.15","15.00M","0.11%"
"2017년 05월 25일","151.96","150.30","152.59","149.95","19.89M","1.28%"
"2017년 05월 24일","150.04","148.51","150.23","148.42","17.94M","1.33%"
"2017년 05월 23일","148.07","148.52","148.81","147.25","12.82M","-0.11%"
"2017년 05월 22일","148.24","148.08","148.59","147.69","12.59M","0.12%"
"2017년 05월 19일","148.06","148.44","149.39","147.96","16.19M","0.27%"
"2017년 05월 18일","147.66","144.72","148.15","144.51","23.03M","1.94%"
"2017년 05월 17일","144.85","148.00","148.67","144.42","28.30M","-3.29%"
"2017년 05월 16일","149.78","150.11","150.21","149.03","14.55M","-0.27%"
"2017년 05월 15일","150.19","150.17","151.48","149.77","15.06M","-0.09%"
"2017년 05월 12일","150.33","150.40","150.46","149.63","9.60M","0.19%"
"2017년 05월 11일","150.04","150.31","150.65","149.41","11.84M","-0.17%"
"2017년 05월 10일","150.29","150.23","150.52","148.86","12.08M","-0.13%"
"2017년 05월 09일","150.48","151.49","152.59","150.21","17.45M","-0.38%"
"2017년 05월 08일","151.06","150.71","151.08","149.74","15.83M","0.55%"
"2017년 05월 05일","150.24","151.45","151.63","149.79","17.15M","-0.40%"
"2017년 05월 04일","150.85","150.17","151.52","148.72","36.23M","-0.63%"
"2017년 05월 03일","151.80","153.60","153.60","151.34","29.78M","-0.64%"
"2017년 05월 02일","152.78","153.34","153.44","151.66","21.87M","0.21%"
"2017년 05월 01일","152.46","151.74","152.57","151.42","25.22M","1.47%"
"2017년 04월 28일","150.25","149.50","151.53","149.07","30.65M","1.73%"
"2017년 04월 27일","147.70","146.67","147.75","146.14","11.28M","0.78%"
"2017년 04월 26일","146.56","147.09","147.59","146.09","12.39M","0.05%"
"2017년 04월 25일","146.49","145.79","147.15","145.79","17.77M","0.70%"
"2017년 04월 24일","145.47","144.96","145.67","144.34","14.41M","1.25%"
"2017년 04월 21일","143.68","143.90","144.17","142.27","12.38M","-0.08%"
"2017년 04월 20일","143.80","142.95","144.25","142.69","15.97M","1.08%"
"2017년 04월 19일","142.27","141.35","143.04","141.27","15.56M","0.93%"
"2017년 04월 18일","140.96","141.27","141.91","140.61","14.81M","-0.33%"
"2017년 04월 17일","141.42","139.76","141.55","139.75","11.52M","1.46%"
"2017년 04월 13일","139.39","139.62","140.58","139.33","10.97M","-0.14%"
"2017년 04월 12일","139.58","139.72","140.40","139.44","11.61M","-0.24%"
"2017년 04월 11일","139.92","140.80","141.03","138.81","16.64M","-0.79%"
"2017년 04월 10일","141.04","141.00","141.43","140.63","9.04M","0.18%"
"2017년 04월 07일","140.78","141.20","141.55","140.24","11.82M","-0.28%"
"2017년 04월 06일","141.17","142.11","142.22","140.91","15.10M","-0.48%"
"2017년 04월 05일","141.85","142.26","143.44","141.29","17.16M","0.08%"
"2017년 04월 04일","141.73","141.86","142.09","141.27","12.95M","-0.39%"
"2017년 04월 03일","142.28","141.93","142.47","140.82","13.56M","0.16%"
"2017년 03월 31일","142.05","142.31","142.63","141.89","11.48M","-0.25%"
"2017년 03월 30일","142.41","142.40","142.95","141.85","12.40M","-0.17%"
"2017년 03월 29일","142.65","141.99","142.86","141.43","16.53M","0.63%"
"2017년 03월 28일","141.76","140.36","141.95","140.01","14.68M","1.03%"
"2017년 03월 27일","140.32","139.05","140.65","138.77","12.80M","-0.01%"
"2017년 03월 24일","140.34","140.08","141.02","139.76","16.66M","0.58%"
"2017년 03월 23일","139.53","139.48","140.39","139.09","13.02M","-0.04%"
"2017년 03월 22일","139.59","137.93","139.79","137.60","17.06M","0.78%"
"2017년 03월 21일","138.51","141.15","142.31","138.40","29.89M","-1.02%"
"2017년 03월 20일","139.94","139.71","140.19","139.25","12.10M","0.07%"
"2017년 03월 17일","139.84","140.34","140.34","139.70","20.59M","-0.11%"
"2017년 03월 16일","139.99","140.20","140.25","139.73","13.61M","0.19%"
"2017년 03월 15일","139.72","139.29","140.10","138.49","19.34M","0.29%"
"2017년 03월 14일","139.32","139.46","139.46","138.52","12.94M","-0.20%"
"2017년 03월 13일","139.60","138.71","139.68","138.67","10.96M","0.58%"
"2017년 03월 10일","138.79","138.91","139.49","138.22","16.31M","0.40%"
"2017년 03월 09일","138.24","137.72","138.57","137.40","15.54M","0.38%"
"2017년 03월 08일","137.72","137.15","137.99","137.05","10.18M","0.31%"
"2017년 03월 07일","137.30","137.03","138.37","136.99","13.53M","-0.09%"
"2017년 03월 06일","137.42","136.88","137.83","136.51","12.75M","0.18%"
"2017년 03월 03일","137.17","136.63","137.33","136.08","11.16M","0.30%"
"2017년 03월 02일","136.76","137.09","137.82","136.31","12.29M","-0.48%"
"2017년 03월 01일","137.42","136.47","137.48","136.30","16.26M","1.39%"
"2017년 02월 28일","135.54","136.79","136.81","134.75","16.11M","-0.64%"
"2017년 02월 27일","136.41","135.26","137.18","135.02","14.31M","0.72%"
"2017년 02월 24일","135.44","134.16","135.62","134.16","12.63M","0.06%"
"2017년 02월 23일","135.36","135.89","136.12","134.33","18.42M","-0.56%"
"2017년 02월 22일","136.12","133.60","136.79","133.46","27.36M","1.79%"
"2017년 02월 21일","133.72","133.50","133.91","132.90","14.76M","0.14%"
"2017년 02월 17일","133.53","133.50","134.09","133.17","12.28M","-0.23%"
"2017년 02월 16일","133.84","133.07","133.87","133.02","12.83M","0.30%"
"2017년 02월 15일","133.44","133.45","133.70","132.66","13.23M","-0.31%"
"2017년 02월 14일","133.85","134.10","134.23","132.55","14.36M","-0.15%"
"2017년 02월 13일","134.05","134.70","134.70","133.70","13.53M","-0.10%"
"2017년 02월 10일","134.19","134.10","134.94","133.68","15.06M","0.04%"
"2017년 02월 09일","134.14","134.49","134.50","133.31","16.47M","-0.04%"
"2017년 02월 08일","134.20","132.60","134.44","132.44","22.39M","1.79%"
"2017년 02월 07일","131.84","132.24","133.00","131.66","14.60M","-0.17%"
"2017년 02월 06일","132.06","130.98","132.06","130.30","17.06M","0.82%"
"2017년 02월 03일","130.98","131.24","132.85","130.76","24.80M","0.11%"
"2017년 02월 02일","130.84","133.22","135.49","130.40","54.37M","-1.79%"
"2017년 02월 01일","133.23","132.25","133.49","130.68","50.14M","2.23%"
"2017년 01월 31일","130.32","130.17","130.66","129.52","19.79M","-0.50%"
"2017년 01월 30일","130.98","131.58","131.58","129.60","18.96M","-0.91%"
"2017년 01월 27일","132.18","132.68","132.95","131.08","19.54M","-0.45%"
"2017년 01월 26일","132.78","131.63","133.14","131.44","20.02M","0.99%"
"2017년 01월 25일","131.48","130.00","131.74","129.77","18.78M","1.63%"
"2017년 01월 24일","129.37","129.38","129.90","128.38","15.16M","0.34%"
"2017년 01월 23일","128.93","127.31","129.25","126.95","16.59M","1.49%"
"2017년 01월 20일","127.04","128.10","128.48","126.78","19.10M","-0.40%"
"2017년 01월 19일","127.55","128.23","128.35","127.45","12.20M","-0.29%"
"2017년 01월 18일","127.92","128.41","128.43","126.84","13.15M","0.04%"
"2017년 01월 17일","127.87","128.04","128.34","127.40","15.29M","-0.37%"
"2017년 01월 13일","128.34","127.49","129.27","127.37","24.88M","1.36%"
"2017년 01월 12일","126.62","125.61","126.73","124.80","18.65M","0.42%"
"2017년 01월 11일","126.09","124.35","126.12","124.06","18.36M","1.40%"
"2017년 01월 10일","124.35","124.82","125.50","124.28","17.32M","-0.44%"
"2017년 01월 09일","124.90","123.55","125.43","123.04","22.88M","1.21%"
"2017년 01월 06일","123.41","120.98","123.88","120.03","28.55M","2.27%"
"2017년 01월 05일","120.67","118.86","120.95","118.32","19.49M","1.67%"
"2017년 01월 04일","118.69","117.55","119.66","117.29","19.63M","1.57%"
"2017년 01월 03일","116.86","116.03","117.84","115.51","20.66M","1.57%"
"2016년 12월 30일","115.05","116.59","116.83","114.77","18.68M","-1.12%"
"2016년 12월 29일","116.35","117.00","117.53","116.06","9.93M","-0.49%"
"2016년 12월 28일","116.92","118.19","118.25","116.65","12.09M","-0.92%"
"2016년 12월 27일","118.01","116.96","118.68","116.86","12.05M","0.63%"
"2016년 12월 23일","117.27","117.00","117.56","116.30","10.89M","-0.11%"
"2016년 12월 22일","117.40","118.86","118.99","116.93","16.26M","-1.38%"
"2016년 12월 21일","119.04","118.92","119.20","118.48","10.77M","-0.04%"
"2016년 12월 20일","119.09","119.50","119.77","118.80","13.68M","-0.13%"
"2016년 12월 19일","119.24","119.85","120.36","118.51","15.92M","-0.53%"
"2016년 12월 16일","119.87","120.90","121.50","119.27","25.32M","-0.58%"
"2016년 12월 15일","120.57","120.08","122.50","119.63","20.14M","0.30%"
"2016년 12월 14일","120.21","120.00","121.69","118.85","25.91M","-0.08%"
"2016년 12월 13일","120.31","117.86","121.52","117.61","29.77M","2.16%"
"2016년 12월 12일","117.77","119.22","119.24","117.65","17.81M","-1.60%"
"2016년 12월 09일","119.68","119.22","119.94","118.95","17.46M","0.65%"
"2016년 12월 08일","118.91","117.98","119.50","117.64","22.44M","0.81%"
"2016년 12월 07일","117.95","117.00","117.95","116.57","21.91M","0.55%"
"2016년 12월 06일","117.31","117.69","117.80","116.33","19.13M","-0.10%"
"2016년 12월 05일","117.43","115.95","117.57","115.07","20.20M","1.76%"
"2016년 12월 02일","115.40","115.11","116.48","114.30","25.07M","0.26%"
"2016년 12월 01일","115.10","118.38","118.45","114.00","43.28M","-2.80%"
"2016년 11월 30일","118.42","120.32","121.79","117.95","30.19M","-2.03%"
"2016년 11월 29일","120.87","120.57","122.10","120.40","18.89M","0.38%"
"2016년 11월 28일","120.41","120.12","121.69","119.82","18.10M","0.02%"
"2016년 11월 25일","120.38","121.01","121.14","120.07","8.66M","-0.38%"
"2016년 11월 23일","120.84","121.23","121.31","119.94","15.67M","-0.52%"
"2016년 11월 22일","121.47","122.40","122.98","120.90","26.09M","-0.25%"
"2016년 11월 21일","121.77","118.20","121.95","117.80","35.42M","4.06%"
"2016년 11월 18일","117.02","118.39","119.13","116.84","22.88M","-0.65%"
"2016년 11월 17일","117.79","116.81","117.79","116.01","18.60M","1.25%"
"2016년 11월 16일","116.34","114.48","117.88","114.21","32.40M","-0.73%"
"2016년 11월 15일","117.20","116.73","118.49","115.83","34.68M","1.84%"
"2016년 11월 14일","115.08","119.13","119.13","113.55","51.38M","-3.31%"
"2016년 11월 11일","119.02","119.53","120.70","118.15","32.84M","-1.47%"
"2016년 11월 10일","120.80","123.93","124.18","115.27","67.85M","-1.93%"
"2016년 11월 09일","123.18","121.50","123.81","120.51","31.92M","-0.84%"
"2016년 11월 08일","124.22","122.03","124.61","121.54","19.46M","1.69%"
"2016년 11월 07일","122.15","122.83","123.21","121.35","23.01M","1.16%"
"2016년 11월 04일","120.75","119.59","121.93","119.25","30.55M","0.63%"
"2016년 11월 03일","120.00","122.00","123.28","119.50","63.77M","-5.64%"
"2016년 11월 02일","127.17","130.23","130.23","126.28","50.19M","-1.80%"
"2016년 11월 01일","129.50","131.41","131.94","128.65","22.08M","-1.14%"
"2016년 10월 31일","130.99","132.01","132.12","130.88","15.67M","-0.23%"
"2016년 10월 28일","131.29","130.50","132.97","129.93","24.55M","1.23%"
"2016년 10월 27일","129.69","131.74","131.80","129.27","16.74M","-1.03%"
"2016년 10월 26일","131.04","131.64","132.26","130.94","13.08M","-0.94%"
"2016년 10월 25일","132.29","133.50","133.50","132.22","13.34M","-0.74%"
"2016년 10월 24일","133.28","132.72","133.41","132.15","17.47M","0.92%"
"2016년 10월 21일","132.07","129.78","132.13","129.70","19.09M","1.59%"
"2016년 10월 20일","130.00","130.07","130.66","129.50","13.17M","-0.08%"
"2016년 10월 19일","130.11","128.74","130.47","128.60","16.75M","1.20%"
"2016년 10월 18일","128.57","128.68","129.39","128.01","13.50M","0.81%"
"2016년 10월 17일","127.54","128.20","128.47","127.32","11.35M","-0.27%"
"2016년 10월 14일","127.88","128.49","128.95","127.58","13.35M","0.05%"
"2016년 10월 13일","127.82","128.21","128.25","126.75","17.14M","-0.95%"
"2016년 10월 12일","129.05","129.01","129.66","128.46","11.07M","0.13%"
"2016년 10월 11일","128.88","130.23","130.64","128.23","17.54M","-1.04%"
"2016년 10월 10일","130.24","129.68","130.70","129.20","15.14M","0.97%"
"2016년 10월 07일","128.99","129.04","129.25","128.33","12.80M","0.19%"
"2016년 10월 06일","128.74","128.43","129.06","128.08","11.68M","0.21%"
"2016년 10월 05일","128.47","128.25","128.80","127.83","12.39M","0.22%"
"2016년 10월 04일","128.19","129.17","129.28","127.55","14.31M","-0.45%"
"2016년 10월 03일","128.77","128.38","129.09","127.80","13.16M","0.39%"
"2016년 09월 30일","128.27","128.03","128.59","127.45","18.40M","0.14%"
"2016년 09월 29일","128.09","129.18","129.29","127.55","14.53M","-0.88%"
"2016년 09월 28일","129.23","129.21","129.47","128.40","12.05M","0.42%"
"2016년 09월 27일","128.69","127.61","129.01","127.43","15.64M","1.08%"
"2016년 09월 26일","127.31","127.37","128.16","126.80","15.06M","-0.51%"
"2016년 09월 23일","127.96","127.56","128.60","127.30","28.33M","-1.63%"
"2016년 09월 22일","130.08","130.50","130.73","129.56","15.54M","0.11%"
"2016년 09월 21일","129.94","129.13","130.00","128.39","14.07M","1.01%"
"2016년 09월 20일","128.64","128.65","129.17","128.03","11.08M","-0.01%"
"2016년 09월 19일","128.65","129.91","129.94","128.26","14.96M","-0.33%"
"2016년 09월 16일","129.07","128.20","129.18","128.20","24.12M","0.56%"
"2016년 09월 15일","128.35","127.98","129.10","127.67","15.11M","0.45%"
"2016년 09월 14일","127.77","126.89","128.80","126.89","15.72M","0.44%"
"2016년 09월 13일","127.21","128.03","128.35","126.66","18.02M","-1.15%"
"2016년 09월 12일","128.69","125.96","128.76","125.75","21.25M","1.25%"
"2016년 09월 09일","127.10","129.71","129.95","127.10","27.10M","-2.43%"
"2016년 09월 08일","130.27","130.92","131.08","129.81","15.68M","-0.60%"
"2016년 09월 07일","131.05","130.04","131.98","129.95","27.99M","1.02%"
"2016년 09월 06일","129.73","126.67","129.94","126.47","26.28M","2.55%"
"2016년 09월 02일","126.51","126.85","126.86","126.00","12.12M","0.27%"
"2016년 09월 01일","126.17","126.38","126.63","125.60","13.54M","0.04%"
"2016년 08월 31일","126.12","125.60","126.22","125.10","14.20M","0.22%"
"2016년 08월 30일","125.84","126.60","126.60","125.15","17.80M","-0.55%"
"2016년 08월 29일","126.54","124.35","126.73","124.35","15.93M","1.26%"
"2016년 08월 26일","124.96","124.05","125.19","123.91","17.50M","0.86%"
"2016년 08월 25일","123.89","123.12","124.37","123.10","10.73M","0.33%"
"2016년 08월 24일","123.48","124.47","124.69","123.09","12.24M","-0.72%"
"2016년 08월 23일","124.37","124.51","125.09","124.25","13.31M","0.18%"
"2016년 08월 22일","124.15","123.33","124.83","123.11","14.39M","0.48%"
"2016년 08월 19일","123.56","123.60","124.16","123.28","11.69M","-0.28%"
"2016년 08월 18일","123.91","124.01","124.26","123.64","12.40M","-0.37%"
"2016년 08월 17일","124.37","123.66","124.38","122.85","13.79M","0.87%"
"2016년 08월 16일","123.30","123.50","123.92","122.78","14.22M","-0.48%"
"2016년 08월 15일","123.90","124.91","124.92","123.70","19.30M","-0.78%"
"2016년 08월 12일","124.88","124.70","125.00","124.18","12.16M","-0.02%"
"2016년 08월 11일","124.90","125.20","125.38","124.75","11.73M","0.02%"
"2016년 08월 10일","124.88","125.07","125.48","124.54","10.67M","-0.14%"
"2016년 08월 09일","125.06","125.34","126.09","124.53","19.62M","-0.16%"
"2016년 08월 08일","125.26","125.25","125.45","124.55","15.23M","0.09%"
"2016년 08월 05일","125.15","124.98","125.83","124.62","20.18M","0.64%"
"2016년 08월 04일","124.36","122.94","124.79","122.51","21.07M","1.51%"
"2016년 08월 03일","122.51","123.09","123.92","122.31","18.53M","-0.47%"
"2016년 08월 02일","123.09","124.06","124.80","122.07","23.97M","-0.98%"
"2016년 08월 01일","124.31","123.85","124.58","122.86","25.01M","0.30%"
"2016년 07월 29일","123.94","124.65","125.84","123.71","35.06M","-0.85%"
"2016년 07월 28일","125.00","127.52","128.33","123.63","78.96M","1.35%"
"2016년 07월 27일","123.34","122.42","125.00","121.51","52.65M","1.75%"
"2016년 07월 26일","121.22","122.00","122.07","120.75","17.61M","-0.34%"
"2016년 07월 25일","121.63","121.39","121.85","117.78","18.49M","0.52%"
"2016년 07월 22일","121.00","119.90","121.01","119.31","18.42M","0.32%"
"2016년 07월 21일","120.61","121.92","122.10","120.25","17.80M","-1.07%"
"2016년 07월 20일","121.92","121.25","122.20","120.56","20.05M","1.09%"
"2016년 07월 19일","120.61","118.99","120.85","118.66","21.54M","1.04%"
"2016년 07월 18일","119.37","117.32","119.61","116.89","20.87M","2.15%"
"2016년 07월 15일","116.86","117.74","118.28","116.58","16.65M","-0.37%"
"2016년 07월 14일","117.29","117.50","117.64","116.70","14.58M","0.44%"
"2016년 07월 13일","116.78","118.39","118.40","116.68","16.21M","-0.98%"
"2016년 07월 12일","117.93","118.63","118.72","117.57","15.22M","0.05%"
"2016년 07월 11일","117.87","117.71","118.70","117.50","17.71M","0.54%"
"2016년 07월 08일","117.24","116.43","117.50","115.85","18.14M","1.20%"
"2016년 07월 07일","115.85","116.63","116.97","115.36","16.63M","-0.73%"
"2016년 07월 06일","116.70","113.36","116.79","112.97","24.34M","2.37%"
"2016년 07월 05일","114.00","113.94","114.11","112.97","14.21M","-0.17%"
"2016년 07월 01일","114.19","114.20","115.13","113.81","14.98M","-0.08%"
"2016년 06월 30일","114.28","114.67","115.18","113.67","23.19M","0.11%"
"2016년 06월 29일","114.16","113.37","114.25","113.04","20.97M","1.30%"
"2016년 06월 28일","112.70","110.63","112.75","110.55","26.81M","3.42%"
"2016년 06월 27일","108.97","111.57","111.57","108.23","36.41M","-2.77%"
"2016년 06월 24일","112.08","111.01","113.68","111.00","40.64M","-2.61%"
"2016년 06월 23일","115.08","114.37","115.09","113.54","16.18M","1.03%"
"2016년 06월 22일","113.91","114.65","114.74","113.61","14.85M","-0.41%"
"2016년 06월 21일","114.38","114.12","115.21","113.97","19.17M","0.89%"
"2016년 06월 20일","113.37","113.77","114.72","112.75","20.79M","0.31%"
"2016년 06월 17일","113.02","114.42","114.43","112.56","24.64M","-1.20%"
"2016년 06월 16일","114.39","113.87","114.50","112.94","19.24M","-0.18%"
"2016년 06월 15일","114.60","115.30","115.44","114.07","19.82M","-0.30%"
"2016년 06월 14일","114.94","114.07","114.95","113.58","17.62M","0.87%"
"2016년 06월 13일","113.95","115.00","115.48","113.31","31.72M","-2.29%"
"2016년 06월 10일","116.62","117.54","118.11","116.26","18.51M","-1.64%"
"2016년 06월 09일","118.56","118.13","118.68","117.71","13.86M","0.14%"
"2016년 06월 08일","118.39","117.76","118.60","117.27","14.51M","0.53%"
"2016년 06월 07일","117.76","119.24","119.30","117.67","17.10M","-0.87%"
"2016년 06월 06일","118.79","118.62","119.43","118.36","12.74M","0.27%"
"2016년 06월 03일","118.47","118.97","118.98","117.86","14.14M","-0.39%"
"2016년 06월 02일","118.93","118.69","119.44","118.22","13.23M","0.13%"
"2016년 06월 01일","118.78","118.50","119.08","117.82","15.03M","-0.03%"
"2016년 05월 31일","118.81","119.46","120.10","118.12","23.55M","-0.48%"
"2016년 05월 27일","119.38","119.56","119.85","119.01","13.49M","-0.08%"
"2016년 05월 26일","119.47","118.24","119.76","117.92","18.48M","1.34%"
"2016년 05월 25일","117.89","118.13","118.67","117.38","20.04M","0.16%"
"2016년 05월 24일","117.70","116.24","117.73","116.12","20.18M","1.49%"
"2016년 05월 23일","115.97","117.42","117.60","115.94","20.44M","-1.18%"
"2016년 05월 20일","117.35","116.96","117.99","116.95","18.94M","0.46%"
"2016년 05월 19일","116.81","117.05","117.49","115.88","20.54M","-0.71%"
"2016년 05월 18일","117.65","116.80","118.27","116.73","21.64M","0.26%"
"2016년 05월 17일","117.35","118.82","119.01","117.20","21.33M","-1.11%"
"2016년 05월 16일","118.67","119.38","119.61","117.35","31.25M","-0.95%"
"2016년 05월 13일","119.81","120.38","120.64","119.68","18.12M","-0.39%"
"2016년 05월 12일","120.28","119.98","120.84","118.90","22.04M","0.64%"
"2016년 05월 11일","119.52","120.41","121.08","119.42","22.04M","-0.81%"
"2016년 05월 10일","120.50","119.62","120.50","114.80","23.22M","1.06%"
"2016년 05월 09일","119.24","119.54","120.28","118.90","21.14M","-0.21%"
"2016년 05월 06일","119.49","117.16","119.64","117.11","26.40M","1.43%"
"2016년 05월 05일","117.81","118.04","118.98","117.25","22.06M","-0.21%"
"2016년 05월 04일","118.06","116.61","118.30","116.57","23.45M","0.54%"
"2016년 05월 03일","117.43","117.52","118.16","117.02","24.12M","-0.96%"
"2016년 05월 02일","118.57","117.83","118.73","116.57","28.10M","0.84%"
"2016년 04월 29일","117.58","116.82","117.84","115.84","37.14M","0.73%"
"2016년 04월 28일","116.73","119.58","120.79","116.23","87.11M","7.20%"
"2016년 04월 27일","108.89","107.94","108.94","106.31","52.21M","0.12%"
"2016년 04월 26일","108.76","110.49","110.50","108.15","22.52M","-1.22%"
"2016년 04월 25일","110.10","109.87","110.67","109.07","21.02M","-0.42%"
"2016년 04월 22일","110.56","111.21","111.75","109.01","38.46M","-2.54%"
"2016년 04월 21일","113.44","112.55","114.04","112.31","20.88M","0.91%"
"2016년 04월 20일","112.42","112.43","113.27","111.56","21.03M","0.12%"
"2016년 04월 19일","112.29","111.10","112.45","109.16","30.21M","1.67%"
"2016년 04월 18일","110.45","109.74","110.81","109.20","21.17M","0.74%"
"2016년 04월 15일","109.64","110.79","110.97","109.20","20.92M","-1.08%"
"2016년 04월 14일","110.84","110.62","112.04","110.26","28.47M","0.30%"
"2016년 04월 13일","110.51","112.23","112.65","106.52","88.23M","-0.09%"
"2016년 04월 12일","110.61","109.34","111.16","108.99","26.25M","1.49%"
"2016년 04월 11일","108.99","110.70","110.91","108.77","39.76M","-1.48%"
"2016년 04월 08일","110.63","114.25","114.33","109.90","48.50M","-2.65%"
"2016년 04월 07일","113.64","113.79","114.89","113.07","20.71M","-0.06%"
"2016년 04월 06일","113.71","112.47","113.81","112.42","20.81M","1.33%"
"2016년 04월 05일","112.22","112.11","113.32","111.90","22.96M","-0.29%"
"2016년 04월 04일","112.55","114.07","114.55","111.61","48.49M","-3.02%"
"2016년 04월 01일","116.06","113.75","116.17","113.35","24.76M","1.72%"
"2016년 03월 31일","114.10","114.70","115.01","113.77","21.21M","-0.52%"
"2016년 03월 30일","114.70","116.73","116.99","114.36","33.24M","-1.24%"
"2016년 03월 29일","116.14","113.83","116.32","113.64","29.83M","2.15%"
"2016년 03월 28일","113.69","113.32","114.59","112.95","21.35M","0.57%"
"2016년 03월 24일","113.05","112.13","113.09","111.68","17.84M","0.45%"
"2016년 03월 23일","112.54","112.01","113.19","112.00","18.56M","0.26%"
"2016년 03월 22일","112.25","111.36","112.88","111.17","19.00M","0.36%"
"2016년 03월 21일","111.85","111.66","112.37","111.03","18.45M","0.36%"
"2016년 03월 18일","111.45","111.56","112.42","110.27","36.26M","0.39%"
"2016년 03월 17일","111.02","112.15","112.69","110.73","24.24M","-1.03%"
"2016년 03월 16일","112.18","110.49","112.50","110.10","24.74M","1.36%"
"2016년 03월 15일","110.67","109.11","110.83","108.84","17.62M","0.71%"
"2016년 03월 14일","109.89","109.28","110.33","108.77","17.25M","0.44%"
"2016년 03월 11일","109.41","108.48","109.42","107.92","20.70M","1.95%"
"2016년 03월 10일","107.32","107.91","108.66","105.77","24.85M","-0.18%"
"2016년 03월 09일","107.51","106.70","107.51","105.49","20.49M","1.49%"
"2016년 03월 08일","105.93","104.78","107.37","104.40","25.62M","0.19%"
"2016년 03월 07일","105.73","108.07","108.07","104.72","31.53M","-2.45%"
"2016년 03월 04일","108.39","110.05","110.05","107.93","24.94M","-1.09%"
"2016년 03월 03일","109.58","110.25","110.30","108.54","21.35M","-0.34%"
"2016년 03월 02일","109.95","109.68","110.55","108.77","25.67M","0.12%"
"2016년 03월 01일","109.82","107.83","109.82","107.60","26.82M","2.71%"
"2016년 02월 29일","106.92","107.60","108.91","106.75","32.78M","-0.93%"
"2016년 02월 26일","107.92","108.70","109.45","107.16","26.69M","-0.14%"
"2016년 02월 25일","108.07","107.11","108.07","105.61","29.91M","1.11%"
"2016년 02월 24일","106.88","104.21","106.95","102.74","34.41M","1.35%"
"2016년 02월 23일","105.46","106.85","107.47","105.12","25.32M","-1.59%"
"2016년 02월 22일","107.16","105.49","108.25","105.34","35.71M","2.48%"
"2016년 02월 19일","104.57","102.55","105.02","102.06","32.40M","1.06%"
"2016년 02월 18일","103.47","105.80","106.00","103.03","29.59M","-1.64%"
"2016년 02월 17일","105.20","101.94","105.72","100.40","44.07M","3.53%"
"2016년 02월 16일","101.61","103.80","103.93","100.24","45.69M","-0.39%"
"2016년 02월 12일","102.01","103.74","104.24","101.09","36.18M","0.10%"
"2016년 02월 11일","101.91","99.60","105.11","98.88","43.67M","0.90%"
"2016년 02월 10일","101.00","101.55","103.25","100.24","45.18M","1.47%"
"2016년 02월 09일","99.54","97.14","102.40","96.82","62.71M","-0.21%"
"2016년 02월 08일","99.75","100.41","102.68","97.46","71.23M","-4.15%"
"2016년 02월 05일","104.07","109.51","109.58","103.18","76.89M","-5.81%"
"2016년 02월 04일","110.49","111.80","111.94","109.25","38.89M","-1.95%"
"2016년 02월 03일","112.69","115.27","115.34","109.75","56.92M","-1.68%"
"2016년 02월 02일","114.61","114.80","117.59","113.20","59.78M","-0.42%"
"2016년 02월 01일","115.09","112.27","115.72","112.01","46.13M","2.57%"
"2016년 01월 29일","112.21","108.99","112.84","108.84","62.74M","2.84%"
"2016년 01월 28일","109.11","107.20","110.34","104.81","107.48M","15.52%"
"2016년 01월 27일","94.45","97.79","97.85","94.23","58.70M","-2.97%"
"2016년 01월 26일","97.34","97.76","97.88","95.66","26.88M","0.34%"
"2016년 01월 25일","97.01","98.72","99.48","96.93","32.48M","-0.95%"
"2016년 01월 22일","97.94","96.41","98.07","95.49","30.50M","4.01%"
"2016년 01월 21일","94.16","94.91","95.99","92.62","30.52M","-0.20%"
"2016년 01월 20일","94.35","92.83","95.00","89.37","59.05M","-0.96%"
"2016년 01월 19일","95.26","96.53","97.42","93.92","31.00M","0.31%"
"2016년 01월 15일","94.97","93.98","96.38","93.54","46.13M","-3.46%"
"2016년 01월 14일","98.37","95.85","98.87","92.45","48.66M","3.07%"
"2016년 01월 13일","95.44","100.58","100.58","95.21","33.41M","-3.95%"
"2016년 01월 12일","99.37","99.00","99.96","97.55","28.40M","1.91%"
"2016년 01월 11일","97.51","97.91","98.60","95.39","29.93M","0.18%"
"2016년 01월 08일","97.33","99.88","100.50","97.03","35.40M","-0.60%"
"2016년 01월 07일","97.92","100.50","101.43","97.30","45.17M","-4.90%"
"2016년 01월 06일","102.97","101.13","103.77","100.90","25.10M","0.23%"
"2016년 01월 05일","102.73","102.89","103.71","101.67","23.26M","0.50%"
"2016년 01월 04일","102.22","101.95","102.24","99.75","37.91M","-2.33%"